{"cameraMode":{"drawMode":0,"name":"Shaded","section":"Shading Mode"},"sceneLighting":false,"audioPlay":false,"sceneViewState":{"m_AlwaysRefresh":false,"showFog":true,"showSkybox":false,"showFlares":true,"showImageEffects":true,"showParticleSystems":true,"showVisualEffectGraphs":true,"m_FxEnabled":true},"in2DMode":false,"pivot":{"x":2.2200734615325929,"y":0.10295256972312927,"z":0.2347903549671173},"rotation":{"x":-0.04125838726758957,"y":-0.04789626970887184,"z":0.0020318645983934404,"w":-0.99798184633255},"size":0.27799662947654726,"orthographic":false}