{"cameraMode":{"drawMode":0,"name":"Shaded","section":"Shading Mode"},"sceneLighting":false,"audioPlay":false,"sceneViewState":{"m_AlwaysRefresh":false,"showFog":true,"showSkybox":false,"showFlares":true,"showImageEffects":true,"showParticleSystems":true,"showVisualEffectGraphs":true,"m_FxEnabled":true},"in2DMode":false,"pivot":{"x":-0.3756335973739624,"y":0.11889567971229553,"z":0.7772993445396423},"rotation":{"x":0.13865233957767487,"y":0.8607146143913269,"z":-0.32923948764801028,"w":0.3626537322998047},"size":0.15591159462928773,"orthographic":false}