{"cameraMode":{"drawMode":0,"name":"Shaded","section":"Shading Mode"},"sceneLighting":false,"audioPlay":false,"sceneViewState":{"m_AlwaysRefresh":false,"showFog":true,"showSkybox":false,"showFlares":true,"showImageEffects":true,"showParticleSystems":true,"showVisualEffectGraphs":true,"m_FxEnabled":true},"in2DMode":false,"pivot":{"x":-2.5641422271728517,"y":0.03784915804862976,"z":1.7816439867019654},"rotation":{"x":-0.024347877129912378,"y":0.9675068259239197,"z":-0.22992061078548432,"w":-0.10220007598400116},"size":0.23766952753067017,"orthographic":false}