{"cameraMode":{"drawMode":0,"name":"Shaded","section":"Shading Mode"},"sceneLighting":false,"audioPlay":false,"sceneViewState":{"m_AlwaysRefresh":false,"showFog":true,"showSkybox":false,"showFlares":true,"showImageEffects":true,"showParticleSystems":true,"showVisualEffectGraphs":true,"m_FxEnabled":true},"in2DMode":false,"pivot":{"x":0.8899612426757813,"y":0.08801931887865067,"z":1.9824752807617188},"rotation":{"x":-0.07263175398111344,"y":0.3400366008281708,"z":-0.0262874998152256,"w":-0.9372182488441467},"size":0.1181991845369339,"orthographic":false}