{"cameraMode":{"drawMode":0,"name":"Shaded","section":"Shading Mode"},"sceneLighting":false,"audioPlay":false,"sceneViewState":{"m_AlwaysRefresh":false,"showFog":true,"showSkybox":false,"showFlares":true,"showImageEffects":true,"showParticleSystems":true,"showVisualEffectGraphs":true,"m_FxEnabled":true},"in2DMode":false,"pivot":{"x":-1.4141006469726563,"y":0.09251100569963455,"z":0.49094390869140627},"rotation":{"x":0.13865233957767487,"y":0.8607146143913269,"z":-0.32923948764801028,"w":0.3626537322998047},"size":0.1433815062046051,"orthographic":false}