{"cameraMode":{"drawMode":0,"name":"Shaded","section":"Shading Mode"},"sceneLighting":false,"audioPlay":false,"sceneViewState":{"m_AlwaysRefresh":false,"showFog":true,"showSkybox":false,"showFlares":true,"showImageEffects":true,"showParticleSystems":true,"showVisualEffectGraphs":true,"m_FxEnabled":true},"in2DMode":false,"pivot":{"x":-2.242481231689453,"y":0.2192104160785675,"z":-0.12172698974609375},"rotation":{"x":0.13865233957767487,"y":0.8607146143913269,"z":-0.32923948764801028,"w":0.3626537322998047},"size":0.27233120799064639,"orthographic":false}