{"cameraMode":{"drawMode":0,"name":"Shaded","section":"Shading Mode"},"sceneLighting":false,"audioPlay":false,"sceneViewState":{"m_AlwaysRefresh":false,"showFog":true,"showSkybox":false,"showFlares":true,"showImageEffects":true,"showParticleSystems":true,"showVisualEffectGraphs":true,"m_FxEnabled":true},"in2DMode":false,"pivot":{"x":5.821914196014404,"y":0.1669231653213501,"z":77.29739379882813},"rotation":{"x":0.10973023623228073,"y":0.5908074975013733,"z":0.08160325139760971,"w":-0.7951185703277588},"size":0.16935279965400697,"orthographic":false}