{"cameraMode":{"drawMode":0,"name":"Shaded","section":"Shading Mode"},"sceneLighting":false,"audioPlay":false,"sceneViewState":{"m_AlwaysRefresh":false,"showFog":true,"showSkybox":false,"showFlares":true,"showImageEffects":true,"showParticleSystems":true,"showVisualEffectGraphs":true,"m_FxEnabled":true},"in2DMode":false,"pivot":{"x":-2.9597930908203127,"y":0.14028306305408479,"z":1.0709244012832642},"rotation":{"x":-0.03259061276912689,"y":0.9648218154907227,"z":-0.21708238124847413,"w":-0.14457817375659944},"size":0.2381502240896225,"orthographic":false}