{"cameraMode":{"drawMode":0,"name":"Shaded","section":"Shading Mode"},"sceneLighting":false,"audioPlay":false,"sceneViewState":{"m_AlwaysRefresh":false,"showFog":true,"showSkybox":false,"showFlares":true,"showImageEffects":true,"showParticleSystems":true,"showVisualEffectGraphs":true,"m_FxEnabled":true},"in2DMode":false,"pivot":{"x":-2.550872802734375,"y":0.031112009659409524,"z":1.535044550895691},"rotation":{"x":-0.024347877129912378,"y":0.9675068259239197,"z":-0.22992061078548432,"w":-0.10220007598400116},"size":0.19536417722702027,"orthographic":false}