{"cameraMode":{"drawMode":0,"name":"Shaded","section":"Shading Mode"},"sceneLighting":false,"audioPlay":false,"sceneViewState":{"m_AlwaysRefresh":false,"showFog":true,"showSkybox":false,"showFlares":true,"showImageEffects":true,"showParticleSystems":true,"showVisualEffectGraphs":true,"m_FxEnabled":true},"in2DMode":false,"pivot":{"x":-2.850611448287964,"y":0.1966174989938736,"z":1.523464322090149},"rotation":{"x":-0.002120688557624817,"y":0.995606541633606,"z":-0.09066992998123169,"w":-0.022654825821518899},"size":0.19043873250484467,"orthographic":false}