{"cameraMode":{"drawMode":0,"name":"Shaded","section":"Shading Mode"},"sceneLighting":false,"audioPlay":false,"sceneViewState":{"m_AlwaysRefresh":false,"showFog":true,"showSkybox":false,"showFlares":true,"showImageEffects":true,"showParticleSystems":true,"showVisualEffectGraphs":true,"m_FxEnabled":true},"in2DMode":false,"pivot":{"x":1.429071068763733,"y":0.10304655879735947,"z":1.1460955142974854},"rotation":{"x":-0.07263175398111344,"y":0.3400366008281708,"z":-0.0262874998152256,"w":-0.9372182488441467},"size":0.08722298592329025,"orthographic":false}