{"cameraMode":{"drawMode":0,"name":"Shaded","section":"Shading Mode"},"sceneLighting":false,"audioPlay":false,"sceneViewState":{"m_AlwaysRefresh":false,"showFog":true,"showSkybox":false,"showFlares":true,"showImageEffects":true,"showParticleSystems":true,"showVisualEffectGraphs":true,"m_FxEnabled":true},"in2DMode":false,"pivot":{"x":5.900057315826416,"y":0.09012021869421005,"z":77.38880920410156},"rotation":{"x":-0.04872271791100502,"y":-0.055360596626996997,"z":0.002756483620032668,"w":-0.9972569942474365},"size":0.16833841800689698,"orthographic":false}