{"cameraMode":{"drawMode":0,"name":"Shaded","section":"Shading Mode"},"sceneLighting":false,"audioPlay":false,"sceneViewState":{"m_AlwaysRefresh":false,"showFog":true,"showSkybox":false,"showFlares":true,"showImageEffects":true,"showParticleSystems":true,"showVisualEffectGraphs":true,"m_FxEnabled":true},"in2DMode":false,"pivot":{"x":1.2156891822814942,"y":0.2762327194213867,"z":1.1645994186401368},"rotation":{"x":0.11917304247617722,"y":0.8785037398338318,"z":-0.3588978946208954,"w":0.2918758988380432},"size":0.2990512251853943,"orthographic":false}