{"cameraMode":{"drawMode":0,"name":"Shaded","section":"Shading Mode"},"sceneLighting":false,"audioPlay":false,"sceneViewState":{"m_AlwaysRefresh":false,"showFog":true,"showSkybox":true,"showFlares":true,"showImageEffects":true,"showParticleSystems":true,"showVisualEffectGraphs":true,"m_FxEnabled":true},"in2DMode":false,"pivot":{"x":27.818483352661134,"y":-5.8338823318481449,"z":75.34697723388672},"rotation":{"x":-0.08744535595178604,"y":-0.8808749318122864,"z":0.17946888506412507,"w":-0.42908868193626406},"size":12.12435531616211,"orthographic":false}