{"cameraMode":{"drawMode":0,"name":"Shaded","section":"Shading Mode"},"sceneLighting":false,"audioPlay":false,"sceneViewState":{"m_AlwaysRefresh":false,"showFog":true,"showSkybox":false,"showFlares":true,"showImageEffects":true,"showParticleSystems":true,"showVisualEffectGraphs":true,"m_FxEnabled":true},"in2DMode":false,"pivot":{"x":0.3514900207519531,"y":0.02199479751288891,"z":1.6794967651367188},"rotation":{"x":0.11917304247617722,"y":0.8785037398338318,"z":-0.3588978946208954,"w":0.2918758988380432},"size":0.23366358876228333,"orthographic":false}