{"cameraMode":{"drawMode":0,"name":"Shaded","section":"Shading Mode"},"sceneLighting":false,"audioPlay":false,"sceneViewState":{"m_AlwaysRefresh":false,"showFog":true,"showSkybox":false,"showFlares":true,"showImageEffects":true,"showParticleSystems":true,"showVisualEffectGraphs":true,"m_FxEnabled":true},"in2DMode":false,"pivot":{"x":2.4781603813171388,"y":0.0559544563293457,"z":0.4591188430786133},"rotation":{"x":0.13865233957767487,"y":0.8607146143913269,"z":-0.32923948764801028,"w":0.3626537322998047},"size":0.27389970421791079,"orthographic":false}